32156,32156,32156,32156,32156,32156,32156,32156,32156,32156,32156,32156,32156,32156,32156,32156,32156,32156
32156,32156,32156,32156,32156,32156,32156,32156,32156,32156,32156,32156,32156,32156,32156,32156,32156,32156
32156,32156,32156,32156,32156,32156,32156,32156,32156,32156,32156,32156,32156,32156,32156,32156,32156,32156
32156,32156,32156,32156,32156,32156,32156,32156,32156,32156,32156,32156,32156,32156,32156,32156,32156,32156
32156,32156,32156,32156,32156,32156,32156,32156,32156,32156,32156,32156,32156,32156,32156,32156,32156,32156
32156,32156,32156,32156,32156,32156,32156,32156,32156,32156,32156,32156,32156,32156,32156,32156,32156,32156
32156,32156,32156,32156,32156,32156,32156,32156,32156,32156,32156,32156,32156,32156,32156,32156,32156,32156
32156,32156,32156,32156,32156,32156,32156,32156,32156,32156,32156,32156,32156,32156,32156,32156,32156,32156
32156,32156,32156,32156,32156,32156,32156,32156,32156,32156,32156,32156,32156,32156,32156,32156,32156,32156
32156,32156,32156,32156,32156,32156,32156,32156,32156,32156,32156,32156,32156,32156,32156,32156,32156,32156
32156,32156,32156,32156,32156,32156,32156,32156,32156,32156,32156,32156,32156,32156,32156,32156,32156,32156
